5,Matt,McClure,SoftwareEngineer,"787 Hand Creek, Roxaneside, 13137-2389, California"
6,Homer,Cronin,CEO,"6970 McGlynn Drive, Fernandostad, 03178, Pennsylvania"
7,Ralph,McCullough,HR,"32052 Zackery Street, Rohanmouth, 22374-0715, New Jersey"
10,Gerardo,Willms,HR,"943 Oceane Mission, Legrosfurt, 35178, Missouri"
11,Nina,Altenwerth,SoftwareEngineer,"747 Soledad Crescent, South Violettehaven, 83494-0782, Florida"
12,Todd,Beier,CEO,"4487 Boehm Mission, West Tanner, 34812-0410, Wyoming"
13,Vera,Doyle,HR,"59187 Ottilie Well, Kaitlynville, 54111-0697, North Carolina"
14,Omar,Kuphal,SoftwareEngineer,"9462 Diamond Ferry, Auerbury, 53333-0160, Iowa"
15,Steve,Runolfsson,CEO,"7121 Jacobson Burgs, Pagacshire, 08134, Indiana"
16,Sidney,Maggio,HR,"939 Ophelia Via, West Tyrell, 52995, Oregon"
18,Cassandra,Leannon,CEO,"307 Tianna Radial, New Dario, 13432-4798, Kentucky"
19,Carol,Strosin,HR,"487 Hudson Throughway, Lake Jack, 45966-5341, Virginia"
20,Willard,Rolfson,SoftwareEngineer,"2992 Aniyah Locks, Todview, 32649-5027, Mississippi"
21,Shelly,Brakus,CEO,"2081 Dibbert Stravenue, North Haylieside, 04135-2124, Minnesota"
22,Jeffery,Parisian,HR,"4587 Purdy Grove, Hilpertbury, 97396-3663, Utah"
23,Helen,Toy,SoftwareEngineer,"44174 Veda Trail, West Liam, 75395-6443, Michigan"
24,Troy,Hoppe,CEO,"44167 Thompson Court, Port Annettahaven, 40174-8418, West Virginia"
25,Beverly,Rodriguez,HR,"2159 Reichel Cape, Powlowskiberg, 84899, Alaska"
26,Constance,Jacobs,SoftwareEngineer,"6897 Kris Village, Gerlachburgh, 68860, West Virginia"
27,Deborah,Hahn,CEO,"722 Littel Mountain, West Mathiasbury, 87693-0652, Vermont"
28,Dwight,Waelchi,HR,"655 Adrianna Summit, New Monserrat, 16652, Wisconsin"
29,Norma,Gibson,SoftwareEngineer,"976 Lang Mission, North Furman, 63345, Minnesota"
30,Sharon,Ward,CEO,"4760 McGlynn Islands, East Angelinaview, 03614, Kentucky"
31,Christy,Lockman,HR,"75952 Dorthy Plains, Gorczanyton, 98475-6200, Louisiana"
32,Winston,Lang,SoftwareEngineer,"76991 Golden Circles, South Aric, 47105, Connecticut"
33,Willis,Ward,CEO,"97123 Kling Pines, Eliberg, 03918-4201, Oklahoma"
34,Gregg,O'Keefe,HR,"52621 Dicki Stream, Kristofferfort, 45424-0532, Arkansas"
35,Glen,Weber,SoftwareEngineer,"25332 Streich Ways, Kaceychester, 60069, Arkansas"
36,Lorraine,Jerde,CEO,"15923 Lois Drive, Lake Elnoraland, 44134, Texas"
37,Nancy,Hickle,HR,"102 McLaughlin Motorway, Hayesburgh, 65480, Missouri"
38,Lee,Bradtke,SoftwareEngineer,"0862 Hettinger Club, Littelchester, 87210-2304, South Carolina"
39,Russell,Stracke,CEO,"7682 Will Trafficway, Violafurt, 39131, Kentucky"
40,Orlando,Hermann,HR,"074 Chasity Points, Port Lavonbury, 37599-3837, North Carolina"
41,Laurie,Blanda,SoftwareEngineer,"0873 Skylar Road, Port Lizaborough, 61295, Ohio"
42,Shannon,Waters,CEO,"316 Tressie Grove, Gorczanymouth, 60500-4411, Louisiana"
43,Misty,Carter,HR,"909 Schultz Road, Johnsside, 93851, Massachusetts"
44,Armando,Green,SoftwareEngineer,"25496 Gerard Pine, Lake Lorenfort, 21188, Georgia"
45,Benjamin,Hartmann,CEO,"52556 Rigoberto Skyway, Erdmanburgh, 74032-6374, North Dakota"
46,Ginger,Spencer,HR,"2010 Gerhard Turnpike, West Stacyton, 34166-1529, Delaware"
47,Rebecca,Lind,SoftwareEngineer,"22981 Torp Stravenue, Port Adaline, 65959-0959, Georgia"
48,Dexter,Balistreri,CEO,"046 Russ Spurs, Simburgh, 64883, Illinois"
49,Nancy,Schinner,HR,"7855 Rhiannon Radial, Port Filomenahaven, 39000, New York"
50,Gina,Gibson,SoftwareEngineer,"6419 Odessa Avenue, Ethelynstad, 44245-6218, Nevada"
51,Jenna,Franecki,CEO,"6815 Mills Villages, Lake Anibal, 44917-7752, Tennessee"
52,Clara,Skiles,HR,"74616 Erna Trace, Berneiceside, 16053-8926, Louisiana"
53,Johnnie,Turner,SoftwareEngineer,"2488 Fay Neck, Zemlakchester, 84157-9980, Colorado"
54,Deborah,Rice,CEO,"8969 Faustino Mill, Mortimertown, 22412-1973, Texas"
55,Angelina,Mante,HR,"82546 Sauer Springs, Wymanmouth, 33141-1702, Nebraska"
56,Blanche,Smith,SoftwareEngineer,"60975 Beryl Divide, Elinorefort, 62620, Montana"
57,Wade,Gutkowski,CEO,"73474 Tanya Cove, Port Corbintown, 95367-8662, Connecticut"
58,Jan,Schroeder,HR,"396 Arlo Brook, Sipesborough, 34294, North Carolina"
59,Rita,McCullough,SoftwareEngineer,"105 Goyette Tunnel, North Isabelchester, 70805-7152, North Carolina"
60,Carroll,Kreiger,CEO,"48605 Jon Dam, Antoninaville, 43986, Nebraska"
61,Kari,Bailey,HR,"368 Leffler Way, South Haylee, 86895, Arizona"
62,Cristina,Stark,SoftwareEngineer,"58725 Schaefer Cliff, Streichmouth, 11916, Massachusetts"
63,Floyd,Larkin,CEO,"8748 Trever Court, Goodwinton, 74315-3740, Indiana"
64,Alejandro,Wolf,HR,"5514 Gregg Burgs, North Abel, 52831, Idaho"
65,Melody,Lueilwitz,SoftwareEngineer,"57448 Dicki Pass, Chanelmouth, 89076, Delaware"
66,Marvin,Balistreri,CEO,"681 Haley Forges, Lindgrenside, 87005-1968, Florida"
67,Antonia,Purdy,HR,"843 Christian Lodge, New Newellside, 41248, Kansas"
68,Julie,Bernier,SoftwareEngineer,"36352 Marcelo Prairie, Heaneyfort, 67860, West Virginia"
69,Wilson,Waelchi,CEO,"281 Alf Crescent, Kilbackstad, 25232-7212, Minnesota"
70,Mabel,Stanton,HR,"884 Bret Brook, Generaltown, 65081-2874, North Carolina"
71,Vicky,Hodkiewicz,SoftwareEngineer,"81530 Earnestine Burgs, Ornmouth, 41030, Massachusetts"
72,Traci,Goodwin,CEO,"771 Ankunding Parkway, Lake Annabell, 85992-3510, Virginia"
73,Terry,Krajcik,HR,"23002 Jermey Rapid, New Patienceborough, 80331-8792, Connecticut"
74,Guadalupe,Lesch,SoftwareEngineer,"8685 Strosin Plaza, Delphiatown, 51787-8570, Oregon"
75,Jasmine,Strosin,CEO,"5972 Strosin Ridge, Rasheedside, 28509-7568, South Carolina"
76,Travis,Schuster,HR,"560 Gusikowski Overpass, East Audraland, 06652, Tennessee"
77,Bethany,Reinger,SoftwareEngineer,"23461 Labadie Motorway, Prohaskafort, 34358, Minnesota"
78,Jean,Homenick,CEO,"6047 Candice Radial, Hegmannmouth, 22040, Oregon"
79,Bert,Morar,HR,"9244 Orn Parkway, Turnerchester, 07642-1013, Indiana"
80,Annie,King,SoftwareEngineer,"625 Dorcas Oval, Halvorsonberg, 95161, Maryland"
81,Lauren,Ondricka,CEO,"22733 Yost Wells, Lake Hipolito, 38846, New Hampshire"
82,Ismael,Rice,HR,"72896 O'Hara Wall, Sibylmouth, 45022, California"
83,Nichole,Kuhic,SoftwareEngineer,"01944 DuBuque Highway, North Coleman, 23361, South Carolina"
84,Gayle,Dicki,CEO,"562 Ralph Ports, West Caterinafurt, 93441, Wyoming"
85,Yvette,Kovacek,HR,"68741 Dedric Forge, Port Janaemouth, 45335-1265, Indiana"
86,Adrienne,Beahan,SoftwareEngineer,"950 Erika Run, Laverneside, 92406, Washington"
88,Vera,Armstrong,HR,"406 Barton Turnpike, Simonisshire, 60927, North Carolina"
89,Evelyn,Reilly,SoftwareEngineer,"22049 Nicklaus Lakes, West Mathew, 14183-8403, Nevada"
90,Rufus,Carter,CEO,"0639 Ernest Landing, North Lilianside, 64827, Oklahoma"
91,Peter,Hauck,HR,"3248 Nikolaus Walk, Pfeffershire, 81624, Arizona"
92,Leonard,West,SoftwareEngineer,"63305 Wiza Locks, South Evangelineview, 96119, New Jersey"
93,Peggy,Jones,CEO,"1522 Tabitha Square, Stokesport, 28263, Kentucky"
94,Charlotte,Hudson,HR,"32218 Reilly Mall, South Shane, 03022, Wisconsin"
95,Tiffany,Steuber,SoftwareEngineer,"674 Larson Streets, Lindgrenhaven, 72466-8894, Delaware"
96,Sheryl,Wisozk,CEO,"13710 Judd Green, Luciemouth, 49381-0179, Georgia"
97,Pablo,Skiles,HR,"86702 Swift Crossroad, Aurelioberg, 33676, Rhode Island"
98,Arthur,Lockman,SoftwareEngineer,"407 Feil Plains, Brycehaven, 18981, Alaska"
100,Janis,Zemlak,HR,"74059 Runolfsson Curve, Yeseniachester, 34649, Virginia"
